{"train_mse_loss": 0.4312361211679118, "epoch": 9, "trainer/global_step": 375, "_timestamp": 1711958136.0815017, "_runtime": 92.21590876579285, "_step": 9, "test_mse_loss": 1.8752301067024566, "_wandb": {"runtime": 93}}