epoch,step,train_mse_loss,vlidation_mse_loss
0,6,1.1006757020950317,
1,13,1.030365228652954,
2,20,1.0213522911071777,
3,27,1.0175200700759888,
4,34,1.0165910720825195,
5,41,1.0154297351837158,
6,48,1.0123540163040161,
7,55,1.012085199356079,
8,62,1.0108250379562378,
9,69,1.009678840637207,
10,70,,1.0041810274124146
