{"validation_mse_loss": 0.7282681944874734, "epoch": 60, "trainer/global_step": 1097, "_timestamp": 1714646915.1375983, "_runtime": 9772.416072368622, "_step": 121, "train_mse_loss": 0.2199830692245391}