{"validation_mse_loss": 0.7198589119069393, "epoch": 55, "trainer/global_step": 1007, "_timestamp": 1714645693.7551472, "_runtime": 8551.033621311188, "_step": 111, "train_mse_loss": 0.21974609991094232}