epoch,step,train_mse_loss,vlidation_mse_loss
0,6,1.1033318042755127,
1,13,1.0399541854858398,
2,20,1.0269362926483154,
3,27,1.0238597393035889,
4,34,1.023716688156128,
5,41,1.0214860439300537,
6,48,1.0213751792907715,
7,55,1.020080804824829,
8,62,1.0192139148712158,
9,69,1.0179998874664307,
10,70,,1.0121713876724243
