{"validation_mse_loss": 0.9992045793169346, "epoch": 3, "trainer/global_step": 11, "_timestamp": 1714407831.283295, "_runtime": 1068.7305438518524, "_step": 7, "train_mse_loss": 1.0056324282019622}