{"test_mse_loss": NaN, "epoch": 0, "trainer/global_step": 0, "_timestamp": 1714676791.2522593, "_runtime": 100.75097322463989, "_step": 0, "_wandb": {"runtime": 99}}