{"train_mse_loss": 0.6022722983432689, "epoch": 1, "trainer/global_step": 40, "_timestamp": 1711962626.0758584, "_runtime": 13.795254468917847, "_step": 1, "test_mse_loss": 1.0380428059811568, "_wandb": {"runtime": 11}}