{"train_mse_loss": 0.6022722983432689, "epoch": 1, "trainer/global_step": 40, "_timestamp": 1711962503.968456, "_runtime": 13.310857057571411, "_step": 1, "test_mse_loss": 1.0380428059811568, "_wandb": {"runtime": 71}}