{"tran_mse_loss": 0.43119700861597776, "_timestamp": 1711956024.6835585, "_runtime": 467.5922734737396, "_step": 1769, "train_mse_loss": 0.29303313280119725, "epoch": 42, "trainer/global_step": 1719}