{"validation_mse_loss": 1.0010437985995735, "epoch": 1, "trainer/global_step": 49, "_timestamp": 1714406150.670123, "_runtime": 525.4926571846008, "_step": 3, "train_mse_loss": 1.0002773805611582}