{"validation_mse_loss": 1.0310965278050959, "epoch": 7, "trainer/global_step": 23, "_timestamp": 1714414341.774463, "_runtime": 1160.4281380176544, "_step": 15, "train_mse_loss": 0.9958398455048645}